n,naive_ms,cache_ms,speedup,repeats_naive,repeats_cache
64,0.000903,0.001141,0.791419,292960,292960
128,0.006789,0.004073,1.66703,36616,73232
256,0.060795,0.031533,1.927994,4576,9152
384,0.129354,0.079284,1.631521,2032,4064
512,0.254104,0.115108,2.207516,1144,2288
768,0.700431,0.277682,2.522421,508,1016
1024,3.33507,0.50033,6.665738,71,568
1536,7.00451,1.146008,6.112097,31,248
2048,37.766971,3.649994,10.347132,17,68
