n,naive_ms,dual_ms,speedup,repeats_naive,repeats_dual
1024,0.000875,0.000533,1.639727,390624,390624
4096,0.004069,0.002179,1.867015,97656,195312
16384,0.016338,0.007393,2.209832,24414,48828
65536,0.059309,0.032988,1.79791,6102,6102
262144,0.23594,0.125555,1.879175,1524,3048
1048576,1.124038,0.594254,1.891511,190,380
4194304,4.968629,3.002182,1.655006,94,94
16777216,19.795482,19.021014,1.040716,11,22
